CAR MAKE,COUNT  OF CAR,,,,,,
Alfa,1,,,,,,
Audi,2,,,,,,
BMW,2,,,,,,
Chery,2,,,,,,
Chevrolet,79,,,,,,
Ford,7,,,,,,
Honda City,112,,,,,,
Honda Civic,545,,,,,,
Hyundai Accent,32,,,,,,
Hyundai Avante,348,,,,,,
Hyundai Elantra,393,,,,,,
Hyundai Venue,1,,,,,,
Hyundai Verna,2,,,,,,
Jagua2,1,,,,,,
Kia Cerato,495,,,,,,
Mazda,386,,,,,,
Mitsubishi,430,,,,,,
Nissan,202,,,,,,
Perodua,2,,,,,,
Peugeot,2,,,,,,
Porsche,2,,,,,,
Proton,3,,,,,,
Renault,32,,,,,,
Skoda,31,,,,,,
Subaru,50,,,,,,
Suzuki,17,,,,,,
Toyota,1376,,,,,,
Volkswagen,190,,,,,,
